{
  "leakage": {
    "total": 0.9393934018407945,
    "total_std": 0.0009413304206122899,
    "energy_centers_eV": [
      10372.42865512645,
      11159.413466428843,
      12006.108989061562,
      12917.045639617634,
      13897.097569910226,
      14951.508747113296,
      16085.921012674413,
      17306.404270134855,
      18619.48896338302,
      20032.201019122516,
      21552.09944052203,
      23187.316753199037,
      24946.60251995206,
      26839.37015707599,
      28875.747302760425,
      31066.630007077416,
      33423.74103351359,
      35959.69258400024,
      38688.05378306471,
      41623.42328219103,
      44781.50737287363,
      48179.20402632418,
      51834.69330950343,
      55767.534661266836,
      59998.77154912005,
      64551.04406657172,
      69448.71007355802,
      74717.97552812645,
      80387.03470674399,
      86486.22106350708,
      93048.16953545745,
      100107.99116244962,
      107703.46095591059,
      115875.22002172118,
      124666.99301871807,
      134125.8221163742,
      144302.3187034937,
      155250.93419474023,
      167030.25138400635,
      179703.29790356642,
      193337.8834662407,
      208006.96269505593,
      223789.02548179284,
      240768.51696311438,
      259036.28936144512,
      278690.0881082639,
      299835.07485091366,
      322584.39014138444,
      347059.7588178464,
      373392.14131815167,
      401722.4344102934,
      432202.2250892169,
      464994.601673866,
      500275.0264444018,
      538232.2744888182,
      579069.4437824432,
      623005.0419049595,
      670274.1552096523,
      721129.7067007525,
      775843.8093494077,
      834709.2220894801,
      898040.9162837612,
      966177.761042303,
      1039484.3364105168,
      1118352.8841288488,
      1203205.4064019846,
      1294495.9239074762,
      1392712.905125713,
      1498381.879989865,
      1612068.2518406792,
      1734380.3227320423,
      1865972.5482748286,
      2007549.0394347582,
      2159867.3300213157,
      2323742.430026456,
      2500051.186501331,
      2689736.9753047745,
      2893814.748827674,
      3113376.4667021683,
      3349596.938553758,
      3603740.110059111,
      3877165.825944467,
      4171337.106111425,
      4487827.973822464,
      4828331.877832514,
      5194670.753530959,
      5588804.771577463,
      6012842.826193725,
      6469053.819230951,
      6959878.800390631,
      7487944.028557406,
      8056075.024131391,
      8667311.68754971,
      9324924.564892001,
      10032432.347602425,
      10793620.69996384,
      11612562.515064431,
      12493639.70764058,
      13441566.66040282,
      14461415.44929928
    ],
    "energy_low_eV": [
      10000.0,
      10758.72762056883,
      11575.02200135904,
      12453.25089147134,
      13398.11343319461,
      14414.665305722483,
      15508.345776593173,
      16685.00680559646,
      17950.944356874952,
      19312.932086760473,
      20778.257587599946,
      22354.761381500542,
      24050.878872637528,
      25875.685482600016,
      27838.94521028007,
      29951.16287613425,
      32223.64033036207,
      34668.536925754204,
      37298.93457878222,
      40128.90776705332,
      43173.598837665566,
      46449.29902941509,
      49973.5356423828,
      53765.16582131847,
      57844.477454628104,
      62233.297728847836,
      66955.10991944387,
      72035.17904285413,
      77500.68704209756,
      83380.87822928758,
      89707.21576327208,
      96513.54999966428,
      103836.29961405367,
      111714.64646753798,
      120190.74525723829,
      129309.9490735799,
      139121.05207122728,
      149676.55055213076,
      161032.92385766725,
      173250.9365728442,
      186395.96365956773,
      200538.34025867312,
      215753.73803240166,
      232123.57006101715,
      249735.4264600504,
      268683.543049028,
      289069.3055793872,
      311001.7922195598,
      334598.35719989863,
      359985.2587403505,
      387298.3346207417,
      416683.7290084483,
      448298.6744324801,
      482312.3330881117,
      518906.7019736051,
      558277.5867021703,
      600635.6491997149,
      646207.5348943251,
      695237.0854287271,
      747986.6433845817,
      804738.455999825,
      865796.1853899232,
      931486.5333537697,
      1002160.989458109,
      1078197.7117539546,
      1160003.5501881381,
      1248016.2235366998,
      1342706.6615082293,
      1444581.5245490351,
      1554185.91483291,
      1672106.2929411863,
      1798973.6158393298,
      1935466.7129405136,
      2082315.9183204668,
      2240306.9785184553,
      2410285.2568339556,
      2593160.2566149263,
      2789910.4877404417,
      3001588.7023367686,
      3229327.527741788,
      3474345.5268578827,
      3737953.7183205667,
      4021562.591370336,
      4326689.6529622385,
      4654967.54749542,
      5008152.7926090425,
      5388135.177787183,
      5796947.876061751,
      6236778.322918324,
      6709979.920614632,
      7219084.630537888,
      7766816.520979174,
      8356106.342814895,
      8990107.2110853,
      9672211.476377824,
      10406068.87628889,
      11195606.064087095,
      12045047.619070146,
      12958938.65103568,
      13942169.119815454
    ],
    "energy_high_eV": [
      10758.72762056883,
      11575.02200135904,
      12453.25089147134,
      13398.11343319461,
      14414.665305722483,
      15508.345776593173,
      16685.00680559646,
      17950.944356874952,
      19312.932086760473,
      20778.257587599946,
      22354.761381500542,
      24050.878872637528,
      25875.685482600016,
      27838.94521028007,
      29951.16287613425,
      32223.64033036207,
      34668.536925754204,
      37298.93457878222,
      40128.90776705332,
      43173.598837665566,
      46449.29902941509,
      49973.5356423828,
      53765.16582131847,
      57844.477454628104,
      62233.297728847836,
      66955.10991944387,
      72035.17904285413,
      77500.68704209756,
      83380.87822928758,
      89707.21576327208,
      96513.54999966428,
      103836.29961405367,
      111714.64646753798,
      120190.74525723829,
      129309.9490735799,
      139121.05207122728,
      149676.55055213076,
      161032.92385766725,
      173250.9365728442,
      186395.96365956773,
      200538.34025867312,
      215753.73803240166,
      232123.57006101715,
      249735.4264600504,
      268683.543049028,
      289069.3055793872,
      311001.7922195598,
      334598.35719989863,
      359985.2587403505,
      387298.3346207417,
      416683.7290084483,
      448298.6744324801,
      482312.3330881117,
      518906.7019736051,
      558277.5867021703,
      600635.6491997149,
      646207.5348943251,
      695237.0854287271,
      747986.6433845817,
      804738.455999825,
      865796.1853899232,
      931486.5333537697,
      1002160.989458109,
      1078197.7117539546,
      1160003.5501881381,
      1248016.2235366998,
      1342706.6615082293,
      1444581.5245490351,
      1554185.91483291,
      1672106.2929411863,
      1798973.6158393298,
      1935466.7129405136,
      2082315.9183204668,
      2240306.9785184553,
      2410285.2568339556,
      2593160.2566149263,
      2789910.4877404417,
      3001588.7023367686,
      3229327.527741788,
      3474345.5268578827,
      3737953.7183205667,
      4021562.591370336,
      4326689.6529622385,
      4654967.54749542,
      5008152.7926090425,
      5388135.177787183,
      5796947.876061751,
      6236778.322918324,
      6709979.920614632,
      7219084.630537888,
      7766816.520979174,
      8356106.342814895,
      8990107.2110853,
      9672211.476377824,
      10406068.87628889,
      11195606.064087095,
      12045047.619070146,
      12958938.65103568,
      13942169.119815454,
      15000000.000000004
    ],