{
  "benchmark": "IPPE Iron Spherical Shell Transmission",
  "source": "SINBAD Database, OECD-NEA",
  "shell_number": 1,
  "geometry": {
    "inner_radius_cm": 4.5,
    "wall_thickness_cm": 2.5,
    "outer_radius_cm": 7.0,
    "description": "Small thin shell"
  },
  "total_leakage": {
    "mean": 1.040905,
    "std_dev": 0.0002534440547719078,
    "relative_error_pct": 0.024348432832190046
  },
  "spectrum": {
    "energy_low_eV": [
      49999.99999999999,
      52934.79272702753,
      56041.84562106723,
      59331.2696398254,
      62813.76921231065,
      66500.67707314016,
      70403.9911414732,
      74536.41356458733,
      78911.39205314853,
      83543.16364269251,
      88446.80102372124,
      93638.26159118663,
      99134.43937297276,
      104953.22000636782,
      111113.53894142377,
      117635.4430606154,
      124540.15591531429,
      131850.14679137708,
      139589.20382859375,
      147782.51143194817,
      156456.73222659476,
      165640.09382325687,
      175362.4806763896,
      185655.5313340411,
      196552.74139587223,
      208089.57251439086,
      220303.56779410093,
      233234.47396410737,
      246924.370721746,
      261417.80766814662,
      276761.9492813458,
      293006.7283987224,
      310205.0087082165,
      328412.7567771036,
      347689.22417815373,
      368097.14030583086,
      389702.9165100146,
      412576.86221151403,
      436793.4137026779,
      462431.37637763994,
      489574.1811804886,
      518310.1561058668,
      548732.8136355468,
      580941.155046325,
      615039.9925795436,
      651140.2905206125,
      689359.5262985025,
      729822.0727802623,
      772659.6030046543,
      818011.5186719735,
      866025.4037844387,
      916857.5049133919,
      970673.2396561987,
      1027647.734937462,
      1087966.3969062776,
      1151825.5142840957,
      1219432.8971266076,
      1291008.5530783108,
      1366785.4033204024,
      1447010.0405418447,
      1531943.531400202,
      1621862.266083606,
      1717058.857738454,
      1817843.0946898346,
      1924542.9485532898,
      2037505.6415186164,
      2157098.7762787403,
      2283711.5322807976,
      2417755.9321921244,
      2559668.182702627,
      2709910.094026611,
      2868970.5827235673,
      3037367.262728229,
      3215648.1297675497,
      3404393.344645973,
      3604217.1212021317,
      3815769.725080775,
      4039739.5898243454,
      4276855.557170371,
      4527889.248844989,
      4793657.577570918,
      5075025.405461219,
      5372908.35844976,
      5688275.805917037,
      6022154.015207677,
      6375629.491305088,
      6749852.512531163,
      7146040.873776864,
      7565483.849444901,
      8009546.389000789,
      8479673.558785373,
      8977395.244543176,
      9504331.129969914,
      10062195.967479857,
      10652805.158345548,
      11278080.660368606,
      11940057.2423062,
      12640889.105406456,
      13382856.893600598,
      14168375.115164356
    ],
    "energy_high_eV": [
      52934.79272702753,
      56041.84562106723,
      59331.2696398254,
      62813.76921231065,
      66500.67707314016,
      70403.9911414732,
      74536.41356458733,
      78911.39205314853,
      83543.16364269251,
      88446.80102372124,
      93638.26159118663,
      99134.43937297276,
      104953.22000636782,
      111113.53894142377,
      117635.4430606154,
      124540.15591531429,
      131850.14679137708,
      139589.20382859375,
      147782.51143194817,
      156456.73222659476,
      165640.09382325687,
      175362.4806763896,
      185655.5313340411,
      196552.74139587223,
      208089.57251439086,
      220303.56779410093,
      233234.47396410737,
      246924.370721746,
      261417.80766814662,
      276761.9492813458,
      293006.7283987224,
      310205.0087082165,
      328412.7567771036,
      347689.22417815373,
      368097.14030583086,
      389702.9165100146,
      412576.86221151403,
      436793.4137026779,
      462431.37637763994,
      489574.1811804886,
      518310.1561058668,
      548732.8136355468,
      580941.155046325,
      615039.9925795436,
      651140.2905206125,
      689359.5262985025,
      729822.0727802623,
      772659.6030046543,
      818011.5186719735,
      866025.4037844387,
      916857.5049133919,
      970673.2396561987,
      1027647.734937462,
      1087966.3969062776,
      1151825.5142840957,
      1219432.8971266076,
      1291008.5530783108,
      1366785.4033204024,
      1447010.0405418447,
      1531943.531400202,
      1621862.266083606,
      1717058.857738454,
      1817843.0946898346,
      1924542.9485532898,
      2037505.6415186164,
      2157098.7762787403,
      2283711.5322807976,
      2417755.9321921244,
      2559668.182702627,
      2709910.094026611,
      2868970.5827235673,
      3037367.262728229,
      3215648.1297675497,
      3404393.344645973,
      3604217.1212021317,
      3815769.725080775,
      4039739.5898243454,
      4276855.557170371,
      4527889.248844989,
      4793657.577570918,
      5075025.405461219,
      5372908.35844976,
      5688275.805917037,
      6022154.015207677,
      6375629.491305088,
      6749852.512531163,
      7146040.873776864,
      7565483.849444901,
      8009546.389000789,
      8479673.558785373,
      8977395.244543176,
      9504331.129969914,
      10062195.967479857,
      10652805.158345548,
      11278080.660368606,
      11940057.2423062,
      12640889.105406456,
      13382856.893600598,
      14168375.115164356,
      15000000.000000004
    ],